date,time,encounter,behavior,call_type,call_category,minute,behav_s,difftime_s,behav_next,difftime_next
9/17/2021,10H 45M 0S,3,Travel,NA,NA,1,1,0,18,-17
9/17/2021,10H 46M 0S,3,Travel,NA,NA,2,1,1,18,-16
9/17/2021,10H 47M 0S,3,Travel,NA,NA,3,1,2,18,-15
9/17/2021,10H 48M 0S,3,Travel,NA,NA,4,1,3,18,-14
9/17/2021,10H 49M 0S,3,Travel,NA,NA,5,1,4,18,-13
9/17/2021,10H 50M 0S,3,Travel,pulse.flat,pc,6,1,5,18,-12
9/17/2021,10H 50M 0S,3,Travel,pulse.flat.seg,pc,6,1,5,18,-12
9/17/2021,10H 50M 0S,3,Travel,pulse.flat.seg,pc,6,1,5,18,-12
9/17/2021,10H 50M 0S,3,Travel,pulse.flat,pc,6,1,5,18,-12
9/17/2021,10H 51M 0S,3,Travel,flatws,ws,7,1,6,18,-11
9/17/2021,10H 51M 0S,3,Travel,flatws,ws,7,1,6,18,-11
9/17/2021,10H 51M 0S,3,Travel,flatws.seg,ws,7,1,6,18,-11
9/17/2021,10H 51M 0S,3,Travel,pulse.flat.seg,pc,7,1,6,18,-11
9/17/2021,10H 51M 0S,3,Travel,pulse.flat,pc,7,1,6,18,-11
9/17/2021,10H 52M 0S,3,Travel,pulse.flat,pc,8,1,7,18,-10
9/17/2021,10H 52M 0S,3,Travel,dws,ws,8,1,7,18,-10
9/17/2021,10H 52M 0S,3,Travel,pulse.flat,pc,8,1,7,18,-10
9/17/2021,10H 52M 0S,3,Travel,pulse.flat,pc,8,1,7,18,-10
9/17/2021,10H 52M 0S,3,Travel,pulse.flat,pc,8,1,7,18,-10
9/17/2021,10H 52M 0S,3,Travel,pulse.flat.seg,pc,8,1,7,18,-10
9/17/2021,10H 52M 0S,3,Travel,pulse.flat,pc,8,1,7,18,-10
9/17/2021,10H 52M 0S,3,Travel,pulse.flat.seg,pc,8,1,7,18,-10
9/17/2021,10H 53M 0S,3,Travel,flatws,ws,9,1,8,18,-9
9/17/2021,10H 53M 0S,3,Travel,flatws,ws,9,1,8,18,-9
9/17/2021,10H 53M 0S,3,Travel,flatws,ws,9,1,8,18,-9
9/17/2021,10H 53M 0S,3,Travel,modws,ws,9,1,8,18,-9
9/17/2021,10H 53M 0S,3,Travel,pulse.flat,pc,9,1,8,18,-9
9/17/2021,10H 53M 0S,3,Travel,pulse.flat,pc,9,1,8,18,-9
9/17/2021,10H 53M 0S,3,Travel,pulse.flat,pc,9,1,8,18,-9
9/17/2021,10H 53M 0S,3,Travel,flatws,ws,9,1,8,18,-9
9/17/2021,10H 53M 0S,3,Travel,dws,ws,9,1,8,18,-9
9/17/2021,10H 53M 0S,3,Travel,pulse.flat,pc,9,1,8,18,-9
9/17/2021,10H 53M 0S,3,Travel,pulse.flat,pc,9,1,8,18,-9
9/17/2021,10H 54M 0S,3,Travel,flatws,ws,10,1,9,18,-8
9/17/2021,10H 54M 0S,3,Travel,flatws.seg,ws,10,1,9,18,-8
9/17/2021,10H 54M 0S,3,Travel,flatws.seg,ws,10,1,9,18,-8
9/17/2021,10H 54M 0S,3,Travel,pulse.flat,pc,10,1,9,18,-8
9/17/2021,10H 54M 0S,3,Travel,pulse.flat.seg,pc,10,1,9,18,-8
9/17/2021,10H 54M 0S,3,Travel,pulse.flat,pc,10,1,9,18,-8
9/17/2021,10H 54M 0S,3,Travel,pulse.flat,pc,10,1,9,18,-8
9/17/2021,10H 54M 0S,3,Travel,pulse.flat,pc,10,1,9,18,-8
9/17/2021,10H 54M 0S,3,Travel,pulse.flat,pc,10,1,9,18,-8
9/17/2021,10H 54M 0S,3,Travel,flatws,ws,10,1,9,18,-8
9/17/2021,10H 54M 0S,3,Travel,dws,ws,10,1,9,18,-8
9/17/2021,10H 54M 0S,3,Travel,flatws,ws,10,1,9,18,-8
9/17/2021,10H 54M 0S,3,Travel,flatws,ws,10,1,9,18,-8
9/17/2021,10H 54M 0S,3,Travel,flatws,ws,10,1,9,18,-8
9/17/2021,10H 54M 0S,3,Travel,pulse.flat,pc,10,1,9,18,-8
9/17/2021,10H 54M 0S,3,Travel,flatws,ws,10,1,9,18,-8
9/17/2021,10H 54M 0S,3,Travel,flatws,ws,10,1,9,18,-8
9/17/2021,10H 54M 0S,3,Travel,pulse.flat.seg,pc,10,1,9,18,-8
9/17/2021,10H 54M 0S,3,Travel,pulse.flat.seg,pc,10,1,9,18,-8
9/17/2021,10H 54M 0S,3,Travel,pulse.flat.seg,pc,10,1,9,18,-8
9/17/2021,10H 54M 0S,3,Travel,pulse.flat,pc,10,1,9,18,-8
9/17/2021,10H 55M 0S,3,Travel,pulse.flat.seg,pc,11,1,10,18,-7
9/17/2021,10H 55M 0S,3,Travel,pulse.flat,pc,11,1,10,18,-7
9/17/2021,10H 55M 0S,3,Travel,pulse.flat,pc,11,1,10,18,-7
9/17/2021,10H 55M 0S,3,Travel,pulse.flat,pc,11,1,10,18,-7
9/17/2021,10H 55M 0S,3,Travel,pulse.flat,pc,11,1,10,18,-7
9/17/2021,10H 55M 0S,3,Travel,pulse.flat,pc,11,1,10,18,-7
9/17/2021,10H 55M 0S,3,Travel,pulse.flat,pc,11,1,10,18,-7
9/17/2021,10H 55M 0S,3,Travel,pulse.flat,pc,11,1,10,18,-7
9/17/2021,10H 55M 0S,3,Travel,pulse.flat,pc,11,1,10,18,-7
9/17/2021,10H 55M 0S,3,Travel,pulse.flat,pc,11,1,10,18,-7
9/17/2021,10H 55M 0S,3,Travel,pulse.flat,pc,11,1,10,18,-7
9/17/2021,10H 55M 0S,3,Travel,pulse.flat,pc,11,1,10,18,-7
9/17/2021,10H 55M 0S,3,Travel,pulse.flat,pc,11,1,10,18,-7
9/17/2021,10H 55M 0S,3,Travel,pulse.flat,pc,11,1,10,18,-7
9/17/2021,10H 55M 0S,3,Travel,pulse.flat,pc,11,1,10,18,-7
9/17/2021,10H 55M 0S,3,Travel,pulse.flat,pc,11,1,10,18,-7
9/17/2021,10H 55M 0S,3,Travel,pulse.flat,pc,11,1,10,18,-7
9/17/2021,10H 55M 0S,3,Travel,dws,ws,11,1,10,18,-7
9/17/2021,10H 55M 0S,3,Travel,flatws,ws,11,1,10,18,-7
9/17/2021,10H 56M 0S,3,Travel,pulse.d,pc,12,1,11,18,-6
9/17/2021,10H 56M 0S,3,Travel,flatws,ws,12,1,11,18,-6
9/17/2021,10H 56M 0S,3,Travel,flatws.seg,ws,12,1,11,18,-6
9/17/2021,10H 56M 0S,3,Travel,dws,ws,12,1,11,18,-6
9/17/2021,10H 56M 0S,3,Travel,pulse.flat,pc,12,1,11,18,-6
9/17/2021,10H 56M 0S,3,Travel,pulse.flat.seg,pc,12,1,11,18,-6
9/17/2021,10H 56M 0S,3,Travel,pulse.flat,pc,12,1,11,18,-6
9/17/2021,10H 56M 0S,3,Travel,flatws,ws,12,1,11,18,-6
9/17/2021,10H 56M 0S,3,Travel,flatws,ws,12,1,11,18,-6
9/17/2021,10H 56M 0S,3,Travel,dws,ws,12,1,11,18,-6
9/17/2021,10H 56M 0S,3,Travel,dws,ws,12,1,11,18,-6
9/17/2021,10H 56M 0S,3,Travel,flatws,ws,12,1,11,18,-6
9/17/2021,10H 56M 0S,3,Travel,flatws,ws,12,1,11,18,-6
9/17/2021,10H 57M 0S,3,Travel,flatws,ws,13,1,12,18,-5
9/17/2021,10H 57M 0S,3,Travel,flatws,ws,13,1,12,18,-5
9/17/2021,10H 57M 0S,3,Travel,flatws,ws,13,1,12,18,-5
9/17/2021,10H 57M 0S,3,Travel,flatws,ws,13,1,12,18,-5
9/17/2021,10H 57M 0S,3,Travel,flatws,ws,13,1,12,18,-5
9/17/2021,10H 57M 0S,3,Travel,flatws.seg,ws,13,1,12,18,-5
9/17/2021,10H 57M 0S,3,Travel,flatws,ws,13,1,12,18,-5
9/17/2021,10H 57M 0S,3,Travel,flatws,ws,13,1,12,18,-5
9/17/2021,10H 57M 0S,3,Travel,flatws,ws,13,1,12,18,-5
9/17/2021,10H 57M 0S,3,Travel,flatws,ws,13,1,12,18,-5
9/17/2021,10H 57M 0S,3,Travel,flatws,ws,13,1,12,18,-5
9/17/2021,10H 58M 0S,3,Travel,dws,ws,14,1,13,18,-4
9/17/2021,10H 58M 0S,3,Travel,dws,ws,14,1,13,18,-4
9/17/2021,10H 58M 0S,3,Travel,pulse.mod,pc,14,1,13,18,-4
9/17/2021,10H 58M 0S,3,Travel,pulse.mod,pc,14,1,13,18,-4
9/17/2021,10H 58M 0S,3,Travel,dws,ws,14,1,13,18,-4
9/17/2021,10H 58M 0S,3,Travel,dws,ws,14,1,13,18,-4
9/17/2021,10H 59M 0S,3,Travel,dws,ws,15,1,14,18,-3
9/17/2021,10H 59M 0S,3,Travel,pulse.flat.seg,pc,15,1,14,18,-3
9/17/2021,10H 59M 0S,3,Travel,flatws.seg,ws,15,1,14,18,-3
9/17/2021,10H 59M 0S,3,Travel,pulse.mod,pc,15,1,14,18,-3
9/17/2021,10H 59M 0S,3,Travel,modws,ws,15,1,14,18,-3
9/17/2021,10H 59M 0S,3,Travel,flatws,ws,15,1,14,18,-3
9/17/2021,10H 59M 0S,3,Travel,flatws,ws,15,1,14,18,-3
9/17/2021,10H 59M 0S,3,Travel,flatws,ws,15,1,14,18,-3
9/17/2021,10H 59M 0S,3,Travel,flatws,ws,15,1,14,18,-3
9/17/2021,10H 59M 0S,3,Travel,dws,ws,15,1,14,18,-3
9/17/2021,10H 59M 0S,3,Travel,uws,ws,15,1,14,18,-3
9/17/2021,10H 59M 0S,3,Travel,uws,ws,15,1,14,18,-3
9/17/2021,10H 59M 0S,3,Travel,aws,ws,15,1,14,18,-3
9/17/2021,10H 59M 0S,3,Travel,modws,ws,15,1,14,18,-3
9/17/2021,10H 59M 0S,3,Travel,dws,ws,15,1,14,18,-3
9/17/2021,10H 59M 0S,3,Travel,modws.seg,ws,15,1,14,18,-3
9/17/2021,11H 0M 0S,3,Travel,dws.seg,ws,16,1,15,18,-2
9/17/2021,11H 0M 0S,3,Travel,dws,ws,16,1,15,18,-2
9/17/2021,11H 1M 0S,3,Travel,flatws,ws,17,1,16,18,-1
9/17/2021,11H 2M 0S,3,Mill,dws,ws,18,18,0,39,-21
9/17/2021,11H 3M 0S,3,Mill,flatws,ws,19,18,1,39,-20
9/17/2021,11H 4M 0S,3,Mill,NA,NA,20,18,2,39,-19
9/17/2021,11H 5M 0S,3,Mill,NA,NA,21,18,3,39,-18
9/17/2021,11H 6M 0S,3,Mill,NA,NA,22,18,4,39,-17
9/17/2021,11H 7M 0S,3,Mill,flatws,ws,23,18,5,39,-16
9/17/2021,11H 8M 0S,3,Mill,NA,NA,24,18,6,39,-15
9/17/2021,11H 9M 0S,3,Mill,NA,NA,25,18,7,39,-14
9/17/2021,11H 10M 0S,3,Mill,NA,NA,26,18,8,39,-13
9/17/2021,11H 11M 0S,3,Mill,NA,NA,27,18,9,39,-12
9/17/2021,11H 12M 0S,3,Mill,NA,NA,28,18,10,39,-11
9/17/2021,11H 13M 0S,3,Mill,c.8,cc,29,18,11,39,-10
9/17/2021,11H 14M 0S,3,Mill,NA,NA,30,18,12,39,-9
9/17/2021,11H 15M 0S,3,Mill,NA,NA,31,18,13,39,-8
9/17/2021,11H 16M 0S,3,Mill,NA,NA,32,18,14,39,-7
9/17/2021,11H 17M 0S,3,Mill,NA,NA,33,18,15,39,-6
9/17/2021,11H 18M 0S,3,Mill,NA,NA,34,18,16,39,-5
9/17/2021,11H 19M 0S,3,Mill,NA,NA,35,18,17,39,-4
9/17/2021,11H 20M 0S,3,Mill,NA,NA,36,18,18,39,-3
9/17/2021,11H 21M 0S,3,Mill,NA,NA,37,18,19,39,-2
9/17/2021,11H 22M 0S,3,Mill,NA,NA,38,18,20,39,-1
9/17/2021,11H 23M 0S,3,Travel,NA,NA,39,39,0,1,38
9/17/2021,11H 24M 0S,3,Travel,NA,NA,40,39,1,1,39
9/17/2021,11H 25M 0S,3,Travel,NA,NA,41,39,2,1,40
9/17/2021,11H 26M 0S,3,Travel,NA,NA,42,39,3,1,41
9/17/2021,11H 27M 0S,3,Travel,NA,NA,43,39,4,1,42
9/17/2021,11H 28M 0S,3,Travel,NA,NA,44,39,5,1,43
9/17/2021,11H 29M 0S,3,Travel,NA,NA,45,39,6,1,44
9/17/2021,11H 30M 0S,3,Travel,NA,NA,46,39,7,1,45
9/17/2021,11H 31M 0S,3,Travel,NA,NA,47,39,8,1,46
9/17/2021,11H 32M 0S,3,Travel,NA,NA,48,39,9,1,47
9/17/2021,13H 7M 0S,4,Mill,NA,NA,1,1,0,18,-17
9/17/2021,13H 8M 0S,4,Mill,NA,NA,2,1,1,18,-16
9/17/2021,13H 9M 0S,4,Mill,NA,NA,3,1,2,18,-15
9/17/2021,13H 10M 0S,4,Mill,NA,NA,4,1,3,18,-14
9/17/2021,13H 11M 0S,4,Mill,NA,NA,5,1,4,18,-13
9/17/2021,13H 12M 0S,4,Mill,NA,NA,6,1,5,18,-12
9/17/2021,13H 13M 0S,4,Mill,NA,NA,7,1,6,18,-11
9/17/2021,13H 14M 0S,4,Mill,NA,NA,8,1,7,18,-10
9/17/2021,13H 15M 0S,4,Mill,modws.seg,ws,9,1,8,18,-9
9/17/2021,13H 16M 0S,4,Mill,dws,ws,10,1,9,18,-8
9/17/2021,13H 16M 0S,4,Mill,dws,ws,10,1,9,18,-8
9/17/2021,13H 16M 0S,4,Mill,flatws,ws,10,1,9,18,-8
9/17/2021,13H 16M 0S,4,Mill,dws,ws,10,1,9,18,-8
9/17/2021,13H 16M 0S,4,Mill,dws,ws,10,1,9,18,-8
9/17/2021,13H 16M 0S,4,Mill,dws,ws,10,1,9,18,-8
9/17/2021,13H 16M 0S,4,Mill,nws.seg,ws,10,1,9,18,-8
9/17/2021,13H 16M 0S,4,Mill,flatws.seg,ws,10,1,9,18,-8
9/17/2021,13H 17M 0S,4,Mill,dws.seq,ws,11,1,10,18,-7
9/17/2021,13H 17M 0S,4,Mill,flatws.seg,ws,11,1,10,18,-7
9/17/2021,13H 17M 0S,4,Mill,aws,ws,11,1,10,18,-7
9/17/2021,13H 17M 0S,4,Mill,flatws,ws,11,1,10,18,-7
9/17/2021,13H 18M 0S,4,Mill,pulse.n,pc,12,1,11,18,-6
9/17/2021,13H 18M 0S,4,Mill,pulse.n,pc,12,1,11,18,-6
9/17/2021,13H 18M 0S,4,Mill,dws,ws,12,1,11,18,-6
9/17/2021,13H 18M 0S,4,Mill,dws,ws,12,1,11,18,-6
9/17/2021,13H 19M 0S,4,Mill,aws,ws,13,1,12,18,-5
9/17/2021,13H 19M 0S,4,Mill,uws,ws,13,1,12,18,-5
9/17/2021,13H 19M 0S,4,Mill,dws,ws,13,1,12,18,-5
9/17/2021,13H 19M 0S,4,Mill,aws,ws,13,1,12,18,-5
9/17/2021,13H 19M 0S,4,Mill,uws,ws,13,1,12,18,-5
9/17/2021,13H 19M 0S,4,Mill,dws,ws,13,1,12,18,-5
9/17/2021,13H 19M 0S,4,Mill,trill,ws,13,1,12,18,-5
9/17/2021,13H 19M 0S,4,Mill,dws,ws,13,1,12,18,-5
9/17/2021,13H 19M 0S,4,Mill,dws,ws,13,1,12,18,-5
9/17/2021,13H 19M 0S,4,Mill,dws,ws,13,1,12,18,-5
9/17/2021,13H 19M 0S,4,Mill,pulse.d,pc,13,1,12,18,-5
9/17/2021,13H 19M 0S,4,Mill,dws,ws,13,1,12,18,-5
9/17/2021,13H 19M 0S,4,Mill,pulse.flat.seg,pc,13,1,12,18,-5
9/17/2021,13H 19M 0S,4,Mill,pulse.flat.seg,pc,13,1,12,18,-5
9/17/2021,13H 19M 0S,4,Mill,pulse.flat.seg,pc,13,1,12,18,-5
9/17/2021,13H 19M 0S,4,Mill,uws,ws,13,1,12,18,-5
9/17/2021,13H 19M 0S,4,Mill,uws,ws,13,1,12,18,-5
9/17/2021,13H 19M 0S,4,Mill,uws,ws,13,1,12,18,-5
9/17/2021,13H 19M 0S,4,Mill,uws,ws,13,1,12,18,-5
9/17/2021,13H 19M 0S,4,Mill,modws.seg,ws,13,1,12,18,-5
9/17/2021,13H 19M 0S,4,Mill,uws,ws,13,1,12,18,-5
9/17/2021,13H 19M 0S,4,Mill,pulse.flat,pc,13,1,12,18,-5
9/17/2021,13H 19M 0S,4,Mill,uws,ws,13,1,12,18,-5
9/17/2021,13H 19M 0S,4,Mill,uws,ws,13,1,12,18,-5
9/17/2021,13H 19M 0S,4,Mill,pulse.a,pc,13,1,12,18,-5
9/17/2021,13H 19M 0S,4,Mill,uws,ws,13,1,12,18,-5
9/17/2021,13H 19M 0S,4,Mill,modws,ws,13,1,12,18,-5
9/17/2021,13H 19M 0S,4,Mill,pulse.d,pc,13,1,12,18,-5
9/17/2021,13H 19M 0S,4,Mill,flatws.seg,ws,13,1,12,18,-5
9/17/2021,13H 19M 0S,4,Mill,pulse.d.bc,pc,13,1,12,18,-5
9/17/2021,13H 20M 0S,4,Mill,aws,ws,14,1,13,18,-4
9/17/2021,13H 20M 0S,4,Mill,aws,ws,14,1,13,18,-4
9/17/2021,13H 20M 0S,4,Mill,modws.seg,ws,14,1,13,18,-4
9/17/2021,13H 20M 0S,4,Mill,pulse.flat,pc,14,1,13,18,-4
9/17/2021,13H 20M 0S,4,Mill,uws,ws,14,1,13,18,-4
9/17/2021,13H 20M 0S,4,Mill,aws,ws,14,1,13,18,-4
9/17/2021,13H 20M 0S,4,Mill,aws,ws,14,1,13,18,-4
9/17/2021,13H 20M 0S,4,Mill,aws,ws,14,1,13,18,-4
9/17/2021,13H 20M 0S,4,Mill,aws,ws,14,1,13,18,-4
9/17/2021,13H 20M 0S,4,Mill,aws,ws,14,1,13,18,-4
9/17/2021,13H 20M 0S,4,Mill,uws,ws,14,1,13,18,-4
9/17/2021,13H 20M 0S,4,Mill,nws.seq,ws,14,1,13,18,-4
9/17/2021,13H 20M 0S,4,Mill,nws.seq,ws,14,1,13,18,-4
9/17/2021,13H 20M 0S,4,Mill,nws.seq,ws,14,1,13,18,-4
9/17/2021,13H 20M 0S,4,Mill,nws.seq,ws,14,1,13,18,-4
9/17/2021,13H 20M 0S,4,Mill,aws,ws,14,1,13,18,-4
9/17/2021,13H 20M 0S,4,Mill,pulse.d,pc,14,1,13,18,-4
9/17/2021,13H 20M 0S,4,Mill,pulse.n,pc,14,1,13,18,-4
9/17/2021,13H 20M 0S,4,Mill,aws,ws,14,1,13,18,-4
9/17/2021,13H 20M 0S,4,Mill,pulse.mod.bc,pc,14,1,13,18,-4
9/17/2021,13H 20M 0S,4,Mill,pulse.n,pc,14,1,13,18,-4
9/17/2021,13H 20M 0S,4,Mill,dws,ws,14,1,13,18,-4
9/17/2021,13H 20M 0S,4,Mill,flatws,ws,14,1,13,18,-4
9/17/2021,13H 20M 0S,4,Mill,pulse.mod,pc,14,1,13,18,-4
9/17/2021,13H 20M 0S,4,Mill,rws,ws,14,1,13,18,-4
9/17/2021,13H 20M 0S,4,Mill,rws,ws,14,1,13,18,-4
9/17/2021,13H 20M 0S,4,Mill,pulse.flat.seg,pc,14,1,13,18,-4
9/17/2021,13H 20M 0S,4,Mill,pulse.n,pc,14,1,13,18,-4
9/17/2021,13H 20M 0S,4,Mill,pulse.d,pc,14,1,13,18,-4
9/17/2021,13H 20M 0S,4,Mill,nws,ws,14,1,13,18,-4
9/17/2021,13H 20M 0S,4,Mill,rws,ws,14,1,13,18,-4
9/17/2021,13H 20M 0S,4,Mill,flatws,ws,14,1,13,18,-4
9/17/2021,13H 20M 0S,4,Mill,pulse.flat,pc,14,1,13,18,-4
9/17/2021,13H 20M 0S,4,Mill,modws,ws,14,1,13,18,-4
9/17/2021,13H 20M 0S,4,Mill,pulse.a,pc,14,1,13,18,-4
9/17/2021,13H 20M 0S,4,Mill,pulse.d,pc,14,1,13,18,-4
9/17/2021,13H 20M 0S,4,Mill,pulse.flat,pc,14,1,13,18,-4
9/17/2021,13H 20M 0S,4,Mill,dws,ws,14,1,13,18,-4
9/17/2021,13H 20M 0S,4,Mill,modws,ws,14,1,13,18,-4
9/17/2021,13H 20M 0S,4,Mill,modws,ws,14,1,13,18,-4
9/17/2021,13H 20M 0S,4,Mill,pulse.flat,pc,14,1,13,18,-4
9/17/2021,13H 20M 0S,4,Mill,pulse.flat,pc,14,1,13,18,-4
9/17/2021,13H 20M 0S,4,Mill,dws,ws,14,1,13,18,-4
9/17/2021,13H 21M 0S,4,Mill,pulse.d,pc,15,1,14,18,-3
9/17/2021,13H 21M 0S,4,Mill,pulse.flat,pc,15,1,14,18,-3
9/17/2021,13H 21M 0S,4,Mill,pulse.flat,pc,15,1,14,18,-3
9/17/2021,13H 21M 0S,4,Mill,pulse.a,pc,15,1,14,18,-3
9/17/2021,13H 21M 0S,4,Mill,pulse.flat,pc,15,1,14,18,-3
9/17/2021,13H 21M 0S,4,Mill,aws,ws,15,1,14,18,-3
9/17/2021,13H 21M 0S,4,Mill,modws,ws,15,1,14,18,-3
9/17/2021,13H 21M 0S,4,Mill,pulse.flat.seg,pc,15,1,14,18,-3
9/17/2021,13H 21M 0S,4,Mill,dws,ws,15,1,14,18,-3
9/17/2021,13H 21M 0S,4,Mill,pulse.flat,pc,15,1,14,18,-3
9/17/2021,13H 21M 0S,4,Mill,pulse.flat,pc,15,1,14,18,-3
9/17/2021,13H 21M 0S,4,Mill,pulse.a,pc,15,1,14,18,-3
9/17/2021,13H 21M 0S,4,Mill,pulse.a,pc,15,1,14,18,-3
9/17/2021,13H 21M 0S,4,Mill,pulse.flat.seg,pc,15,1,14,18,-3
9/17/2021,13H 21M 0S,4,Mill,pulse.d,pc,15,1,14,18,-3
9/17/2021,13H 21M 0S,4,Mill,pulse.flat.seg,pc,15,1,14,18,-3
9/17/2021,13H 21M 0S,4,Mill,pulse.n,pc,15,1,14,18,-3
9/17/2021,13H 21M 0S,4,Mill,pulse.d,pc,15,1,14,18,-3
9/17/2021,13H 21M 0S,4,Mill,pulse.d,pc,15,1,14,18,-3
9/17/2021,13H 21M 0S,4,Mill,pulse.n,pc,15,1,14,18,-3
9/17/2021,13H 21M 0S,4,Mill,pulse.d,pc,15,1,14,18,-3
9/17/2021,13H 21M 0S,4,Mill,pulse.a,pc,15,1,14,18,-3
9/17/2021,13H 21M 0S,4,Mill,pulse.d,pc,15,1,14,18,-3
9/17/2021,13H 21M 0S,4,Mill,modws,ws,15,1,14,18,-3
9/17/2021,13H 21M 0S,4,Mill,pulse.mod.seg,pc,15,1,14,18,-3
9/17/2021,13H 21M 0S,4,Mill,modws.sa.seq,ws,15,1,14,18,-3
9/17/2021,13H 21M 0S,4,Mill,flatws,ws,15,1,14,18,-3
9/17/2021,13H 21M 0S,4,Mill,dws,ws,15,1,14,18,-3
9/17/2021,13H 21M 0S,4,Mill,aws,ws,15,1,14,18,-3
9/17/2021,13H 21M 0S,4,Mill,pulse.mod.seg,pc,15,1,14,18,-3
9/17/2021,13H 21M 0S,4,Mill,pulse.mod.bc,pc,15,1,14,18,-3
9/17/2021,13H 21M 0S,4,Mill,pulse.flat.seg,pc,15,1,14,18,-3
9/17/2021,13H 21M 0S,4,Mill,pulse.mod.seg,pc,15,1,14,18,-3
9/17/2021,13H 21M 0S,4,Mill,pulse.flat.seg.2,pc,15,1,14,18,-3
9/17/2021,13H 21M 0S,4,Mill,modws.seg,ws,15,1,14,18,-3
9/17/2021,13H 21M 0S,4,Mill,modws,ws,15,1,14,18,-3
9/17/2021,13H 21M 0S,4,Mill,pulse.d,pc,15,1,14,18,-3
9/17/2021,13H 21M 0S,4,Mill,pulse.a,pc,15,1,14,18,-3
9/17/2021,13H 21M 0S,4,Mill,modws.seg,ws,15,1,14,18,-3
9/17/2021,13H 21M 0S,4,Mill,pulse.flat.seg,pc,15,1,14,18,-3
9/17/2021,13H 21M 0S,4,Mill,pulse.d,pc,15,1,14,18,-3
9/17/2021,13H 21M 0S,4,Mill,pulse.d,pc,15,1,14,18,-3
9/17/2021,13H 21M 0S,4,Mill,aws,ws,15,1,14,18,-3
9/17/2021,13H 21M 0S,4,Mill,pulse.flat,pc,15,1,14,18,-3
9/17/2021,13H 21M 0S,4,Mill,pulse.d,pc,15,1,14,18,-3
9/17/2021,13H 21M 0S,4,Mill,pulse.a,pc,15,1,14,18,-3
9/17/2021,13H 21M 0S,4,Mill,pulse.d,pc,15,1,14,18,-3
9/17/2021,13H 21M 0S,4,Mill,pulse.flat,pc,15,1,14,18,-3
9/17/2021,13H 21M 0S,4,Mill,pulse.flat.seg,pc,15,1,14,18,-3
9/17/2021,13H 21M 0S,4,Mill,pulse.d,pc,15,1,14,18,-3
9/17/2021,13H 21M 0S,4,Mill,flatws,ws,15,1,14,18,-3
9/17/2021,13H 21M 0S,4,Mill,modws,ws,15,1,14,18,-3
9/17/2021,13H 22M 0S,4,Mill,pulse.a,pc,16,1,15,18,-2
9/17/2021,13H 22M 0S,4,Mill,c.9,cc,16,1,15,18,-2
9/17/2021,13H 22M 0S,4,Mill,pulse.flat.seg,pc,16,1,15,18,-2
9/17/2021,13H 22M 0S,4,Mill,modws.seg,ws,16,1,15,18,-2
9/17/2021,13H 22M 0S,4,Mill,c.9,cc,16,1,15,18,-2
9/17/2021,13H 22M 0S,4,Mill,aws,ws,16,1,15,18,-2
9/17/2021,13H 22M 0S,4,Mill,pulse.mod,pc,16,1,15,18,-2
9/17/2021,13H 22M 0S,4,Mill,aws,ws,16,1,15,18,-2
9/17/2021,13H 22M 0S,4,Mill,aws,ws,16,1,15,18,-2
9/17/2021,13H 22M 0S,4,Mill,aws,ws,16,1,15,18,-2
9/17/2021,13H 22M 0S,4,Mill,aws,ws,16,1,15,18,-2
9/17/2021,13H 22M 0S,4,Mill,aws,ws,16,1,15,18,-2
9/17/2021,13H 22M 0S,4,Mill,aws,ws,16,1,15,18,-2
9/17/2021,13H 22M 0S,4,Mill,aws,ws,16,1,15,18,-2
9/17/2021,13H 22M 0S,4,Mill,aws,ws,16,1,15,18,-2
9/17/2021,13H 22M 0S,4,Mill,aws,ws,16,1,15,18,-2
9/17/2021,13H 22M 0S,4,Mill,modws,ws,16,1,15,18,-2
9/17/2021,13H 22M 0S,4,Mill,pulse.d,pc,16,1,15,18,-2
9/17/2021,13H 22M 0S,4,Mill,pulse.d,pc,16,1,15,18,-2
9/17/2021,13H 22M 0S,4,Mill,pulse.d,pc,16,1,15,18,-2
9/17/2021,13H 22M 0S,4,Mill,c.9,cc,16,1,15,18,-2
9/17/2021,13H 22M 0S,4,Mill,pulse.flat,pc,16,1,15,18,-2
9/17/2021,13H 22M 0S,4,Mill,pulse.flat.seg,pc,16,1,15,18,-2
9/17/2021,13H 22M 0S,4,Mill,flatws,ws,16,1,15,18,-2
9/17/2021,13H 22M 0S,4,Mill,flatws,ws,16,1,15,18,-2
9/17/2021,13H 22M 0S,4,Mill,aws,ws,16,1,15,18,-2
9/17/2021,13H 22M 0S,4,Mill,pulse.a,pc,16,1,15,18,-2
9/17/2021,13H 22M 0S,4,Mill,pulse.flat.seg,pc,16,1,15,18,-2
9/17/2021,13H 22M 0S,4,Mill,pulse.flat.seg.2,pc,16,1,15,18,-2
9/17/2021,13H 22M 0S,4,Mill,pulse.flat,pc,16,1,15,18,-2
9/17/2021,13H 22M 0S,4,Mill,pulse.d,pc,16,1,15,18,-2
9/17/2021,13H 22M 0S,4,Mill,c.9,cc,16,1,15,18,-2
9/17/2021,13H 22M 0S,4,Mill,pulse.flat.seg,pc,16,1,15,18,-2
9/17/2021,13H 22M 0S,4,Mill,pulse.a,pc,16,1,15,18,-2
9/17/2021,13H 22M 0S,4,Mill,dws,ws,16,1,15,18,-2
9/17/2021,13H 22M 0S,4,Mill,pulse.flat.seg.4,pc,16,1,15,18,-2
9/17/2021,13H 22M 0S,4,Mill,aws,ws,16,1,15,18,-2
9/17/2021,13H 22M 0S,4,Mill,pulse.a,pc,16,1,15,18,-2
9/17/2021,13H 22M 0S,4,Mill,modws,ws,16,1,15,18,-2
9/17/2021,13H 22M 0S,4,Mill,pulse.flat.seg,pc,16,1,15,18,-2
9/17/2021,13H 22M 0S,4,Mill,c.10,cc,16,1,15,18,-2
9/17/2021,13H 22M 0S,4,Mill,c.10,cc,16,1,15,18,-2
9/17/2021,13H 22M 0S,4,Mill,c.10,cc,16,1,15,18,-2
9/17/2021,13H 22M 0S,4,Mill,flatws,ws,16,1,15,18,-2
9/17/2021,13H 22M 0S,4,Mill,flatws,ws,16,1,15,18,-2
9/17/2021,13H 22M 0S,4,Mill,pulse.d,pc,16,1,15,18,-2
9/17/2021,13H 22M 0S,4,Mill,pulse.flat,pc,16,1,15,18,-2
9/17/2021,13H 22M 0S,4,Mill,modws.seg,ws,16,1,15,18,-2
9/17/2021,13H 22M 0S,4,Mill,modws.seg,ws,16,1,15,18,-2
9/17/2021,13H 22M 0S,4,Mill,modws.seg,ws,16,1,15,18,-2
9/17/2021,13H 22M 0S,4,Mill,pulse.mod,pc,16,1,15,18,-2
9/17/2021,13H 22M 0S,4,Mill,flatws.seg,ws,16,1,15,18,-2
9/17/2021,13H 22M 0S,4,Mill,nws,ws,16,1,15,18,-2
9/17/2021,13H 22M 0S,4,Mill,pulse.flat.seg,pc,16,1,15,18,-2
9/17/2021,13H 22M 0S,4,Mill,pulse.a,pc,16,1,15,18,-2
9/17/2021,13H 22M 0S,4,Mill,pulse.flat,pc,16,1,15,18,-2
9/17/2021,13H 22M 0S,4,Mill,dws,ws,16,1,15,18,-2
9/17/2021,13H 22M 0S,4,Mill,pulse.flat.seg,pc,16,1,15,18,-2
9/17/2021,13H 22M 0S,4,Mill,pulse.flat.seg,pc,16,1,15,18,-2
9/17/2021,13H 23M 0S,4,Mill,pulse.flat.seg,pc,17,1,16,18,-1
9/17/2021,13H 23M 0S,4,Mill,modws,ws,17,1,16,18,-1
9/17/2021,13H 23M 0S,4,Mill,pulse.flat.seg,pc,17,1,16,18,-1
9/17/2021,13H 23M 0S,4,Mill,nws,ws,17,1,16,18,-1
9/17/2021,13H 23M 0S,4,Mill,pulse.a,pc,17,1,16,18,-1
9/17/2021,13H 23M 0S,4,Mill,pulse.flat,pc,17,1,16,18,-1
9/17/2021,13H 23M 0S,4,Mill,flatws,ws,17,1,16,18,-1
9/17/2021,13H 23M 0S,4,Mill,flatws.seg,ws,17,1,16,18,-1
9/17/2021,13H 23M 0S,4,Mill,pulse.flat.seg,pc,17,1,16,18,-1
9/17/2021,13H 23M 0S,4,Mill,dws,ws,17,1,16,18,-1
9/17/2021,13H 23M 0S,4,Mill,pulse.flat,pc,17,1,16,18,-1
9/17/2021,13H 23M 0S,4,Mill,c.11,cc,17,1,16,18,-1
9/17/2021,13H 23M 0S,4,Mill,pulse.d,pc,17,1,16,18,-1
9/17/2021,13H 23M 0S,4,Mill,pulse.flat,pc,17,1,16,18,-1
9/17/2021,13H 23M 0S,4,Mill,trill,ws,17,1,16,18,-1
9/17/2021,13H 23M 0S,4,Mill,pulse.flat.seg,pc,17,1,16,18,-1
9/17/2021,13H 23M 0S,4,Mill,pulse.flat,pc,17,1,16,18,-1
9/17/2021,13H 23M 0S,4,Mill,pulse.flat,pc,17,1,16,18,-1
9/17/2021,13H 23M 0S,4,Mill,modws.m,ws,17,1,16,18,-1
9/17/2021,13H 23M 0S,4,Mill,modws.m,ws,17,1,16,18,-1
9/17/2021,13H 23M 0S,4,Mill,modws.m,ws,17,1,16,18,-1
9/17/2021,13H 23M 0S,4,Mill,flatws,ws,17,1,16,18,-1
9/17/2021,13H 23M 0S,4,Mill,modws.m,ws,17,1,16,18,-1
9/17/2021,13H 23M 0S,4,Mill,pulse.flat.seg,pc,17,1,16,18,-1
9/17/2021,13H 23M 0S,4,Mill,pulse.flat.seg,pc,17,1,16,18,-1
9/17/2021,13H 23M 0S,4,Mill,nws,ws,17,1,16,18,-1
9/17/2021,13H 23M 0S,4,Mill,aws,ws,17,1,16,18,-1
9/17/2021,13H 23M 0S,4,Mill,aws,ws,17,1,16,18,-1
9/17/2021,13H 23M 0S,4,Mill,aws,ws,17,1,16,18,-1
9/17/2021,13H 23M 0S,4,Mill,dws,ws,17,1,16,18,-1
9/17/2021,13H 23M 0S,4,Mill,trill,ws,17,1,16,18,-1
9/17/2021,13H 23M 0S,4,Mill,modws,ws,17,1,16,18,-1
9/17/2021,13H 23M 0S,4,Mill,c.12,cc,17,1,16,18,-1
9/17/2021,13H 24M 0S,4,Travel,pulse.mod,pc,18,18,0,1,17
9/17/2021,13H 24M 0S,4,Travel,pulse.d,pc,18,18,0,1,17
9/17/2021,13H 24M 0S,4,Travel,c.12,cc,18,18,0,1,17
9/17/2021,13H 24M 0S,4,Travel,nws,ws,18,18,0,1,17
9/17/2021,13H 24M 0S,4,Travel,nws,ws,18,18,0,1,17
9/17/2021,13H 24M 0S,4,Travel,flatws,ws,18,18,0,1,17
9/17/2021,13H 24M 0S,4,Travel,flatws,ws,18,18,0,1,17
9/17/2021,13H 24M 0S,4,Travel,flatws,ws,18,18,0,1,17
9/17/2021,13H 24M 0S,4,Travel,pulse.flat.seg,pc,18,18,0,1,17
9/17/2021,13H 24M 0S,4,Travel,flatws,ws,18,18,0,1,17
9/17/2021,13H 24M 0S,4,Travel,dws,ws,18,18,0,1,17
9/17/2021,13H 24M 0S,4,Travel,pulse.mod,pc,18,18,0,1,17
9/17/2021,13H 24M 0S,4,Travel,pulse.flat,pc,18,18,0,1,17
9/17/2021,13H 24M 0S,4,Travel,pulse.a,pc,18,18,0,1,17
9/17/2021,13H 24M 0S,4,Travel,pulse.flat,pc,18,18,0,1,17
9/17/2021,13H 24M 0S,4,Travel,flatws,ws,18,18,0,1,17
9/17/2021,13H 24M 0S,4,Travel,modws,ws,18,18,0,1,17
9/17/2021,13H 24M 0S,4,Travel,pulse.flat,pc,18,18,0,1,17
9/17/2021,13H 24M 0S,4,Travel,c.13,cc,18,18,0,1,17
9/17/2021,13H 24M 0S,4,Travel,c.13,cc,18,18,0,1,17
9/17/2021,13H 24M 0S,4,Travel,c.13,cc,18,18,0,1,17
9/17/2021,13H 24M 0S,4,Travel,c.13,cc,18,18,0,1,17
9/17/2021,13H 24M 0S,4,Travel,c.13,cc,18,18,0,1,17
9/17/2021,13H 25M 0S,4,Travel,pulse.d,pc,19,18,1,1,18
9/17/2021,13H 25M 0S,4,Travel,pulse.flat,pc,19,18,1,1,18
9/17/2021,13H 25M 0S,4,Travel,pulse.a,pc,19,18,1,1,18
9/17/2021,13H 25M 0S,4,Travel,pulse.flat,pc,19,18,1,1,18
9/17/2021,13H 25M 0S,4,Travel,pulse.flat,pc,19,18,1,1,18
9/17/2021,13H 26M 0S,4,Travel,pulse.flat.seg,pc,20,18,2,1,19
9/17/2021,13H 26M 0S,4,Travel,aws,ws,20,18,2,1,19
9/17/2021,13H 26M 0S,4,Travel,modws,ws,20,18,2,1,19
9/17/2021,13H 26M 0S,4,Travel,aws,ws,20,18,2,1,19
9/17/2021,13H 26M 0S,4,Travel,pulse.mod,pc,20,18,2,1,19
9/17/2021,13H 26M 0S,4,Travel,aws,ws,20,18,2,1,19
9/17/2021,13H 26M 0S,4,Travel,aws,ws,20,18,2,1,19
9/17/2021,13H 26M 0S,4,Travel,pulse.mod,pc,20,18,2,1,19
9/17/2021,13H 26M 0S,4,Travel,dws,ws,20,18,2,1,19
9/17/2021,13H 26M 0S,4,Travel,modws.seg,ws,20,18,2,1,19
9/17/2021,13H 26M 0S,4,Travel,dws,ws,20,18,2,1,19
9/17/2021,13H 26M 0S,4,Travel,pulse.n,pc,20,18,2,1,19
9/17/2021,13H 26M 0S,4,Travel,pulse.flat,pc,20,18,2,1,19
9/17/2021,13H 27M 0S,4,Travel,NA,NA,21,18,3,1,20
9/17/2021,13H 28M 0S,4,Travel,modws.seg,ws,22,18,4,1,21
9/17/2021,13H 28M 0S,4,Travel,aws,ws,22,18,4,1,21
9/17/2021,13H 28M 0S,4,Travel,flatws.seg,ws,22,18,4,1,21
9/17/2021,13H 29M 0S,4,Travel,modws,ws,23,18,5,1,22
9/17/2021,13H 30M 0S,4,Travel,NA,NA,24,18,6,1,23
10/7/2021,11H 49M 0S,7,Travel,NA,NA,1,1,0,21,-20
10/7/2021,11H 50M 0S,7,Travel,NA,NA,2,1,1,21,-19
10/7/2021,11H 51M 0S,7,Travel,NA,NA,3,1,2,21,-18
10/7/2021,11H 52M 0S,7,Travel,NA,NA,4,1,3,21,-17
10/7/2021,11H 53M 0S,7,Travel,NA,NA,5,1,4,21,-16
10/7/2021,11H 54M 0S,7,Travel,NA,NA,6,1,5,21,-15
10/7/2021,11H 55M 0S,7,Travel,NA,NA,7,1,6,21,-14
10/7/2021,11H 56M 0S,7,Travel,NA,NA,8,1,7,21,-13
10/7/2021,11H 57M 0S,7,Travel,NA,NA,9,1,8,21,-12
10/7/2021,11H 58M 0S,7,Travel,NA,NA,10,1,9,21,-11
10/7/2021,11H 59M 0S,7,Travel,NA,NA,11,1,10,21,-10
10/7/2021,12H 0M 0S,7,Travel,flatws,ws,12,1,11,21,-9
10/7/2021,12H 0M 0S,7,Travel,flatws,ws,12,1,11,21,-9
10/7/2021,12H 0M 0S,7,Travel,aws,ws,12,1,11,21,-9
10/7/2021,12H 0M 0S,7,Travel,flatws,ws,12,1,11,21,-9
10/7/2021,12H 0M 0S,7,Travel,dws,ws,12,1,11,21,-9
10/7/2021,12H 0M 0S,7,Travel,flatws,ws,12,1,11,21,-9
10/7/2021,12H 0M 0S,7,Travel,aws,ws,12,1,11,21,-9
10/7/2021,12H 1M 0S,7,Travel,flatws,ws,13,1,12,21,-8
10/7/2021,12H 1M 0S,7,Travel,flatws,ws,13,1,12,21,-8
10/7/2021,12H 1M 0S,7,Travel,flatws,ws,13,1,12,21,-8
10/7/2021,12H 1M 0S,7,Travel,aws.seg,ws,13,1,12,21,-8
10/7/2021,12H 1M 0S,7,Travel,aws.seg,ws,13,1,12,21,-8
10/7/2021,12H 1M 0S,7,Travel,flatws,ws,13,1,12,21,-8
10/7/2021,12H 1M 0S,7,Travel,aws,ws,13,1,12,21,-8
10/7/2021,12H 1M 0S,7,Travel,flatws,ws,13,1,12,21,-8
10/7/2021,12H 1M 0S,7,Travel,flatws,ws,13,1,12,21,-8
10/7/2021,12H 1M 0S,7,Travel,dws,ws,13,1,12,21,-8
10/7/2021,12H 1M 0S,7,Travel,aws.seg,ws,13,1,12,21,-8
10/7/2021,12H 1M 0S,7,Travel,aws.seg,ws,13,1,12,21,-8
10/7/2021,12H 1M 0S,7,Travel,aws,ws,13,1,12,21,-8
10/7/2021,12H 1M 0S,7,Travel,aws,ws,13,1,12,21,-8
10/7/2021,12H 1M 0S,7,Travel,aws,ws,13,1,12,21,-8
10/7/2021,12H 1M 0S,7,Travel,flatws,ws,13,1,12,21,-8
10/7/2021,12H 1M 0S,7,Travel,flatws,ws,13,1,12,21,-8
10/7/2021,12H 2M 0S,7,Travel,aws,ws,14,1,13,21,-7
10/7/2021,12H 2M 0S,7,Travel,aws,ws,14,1,13,21,-7
10/7/2021,12H 2M 0S,7,Travel,aws,ws,14,1,13,21,-7
10/7/2021,12H 2M 0S,7,Travel,aws,ws,14,1,13,21,-7
10/7/2021,12H 2M 0S,7,Travel,aws,ws,14,1,13,21,-7
10/7/2021,12H 2M 0S,7,Travel,aws,ws,14,1,13,21,-7
10/7/2021,12H 2M 0S,7,Travel,aws,ws,14,1,13,21,-7
10/7/2021,12H 3M 0S,7,Travel,NA,NA,15,1,14,21,-6
10/7/2021,12H 4M 0S,7,Travel,NA,NA,16,1,15,21,-5
10/7/2021,12H 5M 0S,7,Travel,NA,NA,17,1,16,21,-4
10/7/2021,12H 6M 0S,7,Travel,NA,NA,18,1,17,21,-3
10/7/2021,12H 7M 0S,7,Travel,NA,NA,19,1,18,21,-2
10/7/2021,12H 8M 0S,7,Travel,NA,NA,20,1,19,21,-1
10/7/2021,12H 9M 0S,7,Mill,NA,NA,21,21,0,40,-19
10/7/2021,12H 10M 0S,7,Mill,NA,NA,22,21,1,40,-18
10/7/2021,12H 11M 0S,7,Mill,NA,NA,23,21,2,40,-17
10/7/2021,12H 12M 0S,7,Mill,NA,NA,24,21,3,40,-16
10/7/2021,12H 13M 0S,7,Mill,NA,NA,25,21,4,40,-15
10/7/2021,12H 14M 0S,7,Mill,NA,NA,26,21,5,40,-14
10/7/2021,12H 15M 0S,7,Mill,NA,NA,27,21,6,40,-13
10/7/2021,12H 16M 0S,7,Mill,NA,NA,28,21,7,40,-12
10/7/2021,12H 17M 0S,7,Mill,NA,NA,29,21,8,40,-11
10/7/2021,12H 18M 0S,7,Mill,NA,NA,30,21,9,40,-10
10/7/2021,12H 19M 0S,7,Mill,NA,NA,31,21,10,40,-9
10/7/2021,12H 20M 0S,7,Mill,NA,NA,32,21,11,40,-8
10/7/2021,12H 21M 0S,7,Mill,NA,NA,33,21,12,40,-7
10/7/2021,12H 22M 0S,7,Mill,NA,NA,34,21,13,40,-6
10/7/2021,12H 23M 0S,7,Mill,NA,NA,35,21,14,40,-5
10/7/2021,12H 24M 0S,7,Mill,NA,NA,36,21,15,40,-4
10/7/2021,12H 25M 0S,7,Mill,NA,NA,37,21,16,40,-3
10/7/2021,12H 26M 0S,7,Mill,NA,NA,38,21,17,40,-2
10/7/2021,12H 27M 0S,7,Mill,NA,NA,39,21,18,40,-1
